{
	"--title": "VisualEditor - Documentation",
	"--output": "docs",
	"--categories": ".jsduck/categories.json",
	"--eg-iframe": ".jsduck/eg-iframe.html",
	"--tags": ".jsduck/CustomTags.rb",
	"--processes": "0",
	"--warnings-exit-nonzero": true,
	"--builtin-classes": true,
	"--external": "HTMLDocument,Window,Node,Text,Set,Range,Selection,ClientRect,File,Blob,DataTransfer,DataTransferItem,KeyboardEvent,MouseEvent",
	"--warnings": ["-nodoc(class,public)", "-global"],
	"--": [
		".jsduck/external.js",
		"lib/ve/.jsduck/external.js",
		"lib/ve/lib/oojs",
		"lib/ve/lib/oojs-ui",
		"lib/ve/lib/unicodejs",
		"lib/ve/src",
		"lib/ve/tests",
		"modules/ve-mw"
	]
}
