[
	{
		"name": "General",
		"groups": [
			{
				"name": "Utilities",
				"classes": [
					"ve",
					"ve.Range",
					"ve.PositionStep",
					"ve.SelectionState",
					"ve.EventSequencer",
					"ve.Filibuster",
					"ve.TriggerListener",
					"ve.Scheduler"
				]
			},
			{
				"name": "Nodes",
				"classes": ["ve.Node", "ve.BranchNode", "ve.LeafNode", "ve.Document"]
			}
		]
	},
	{
		"name": "Initialization",
		"groups": [
			{
				"name": "General",
				"classes": [
					"ve.init",
					"ve.init.Platform",
					"ve.init.Target",
					"global"
				]
			},
			{
				"name": "Stand-alone",
				"classes": ["ve.init.sa*"]
			}
		]
	},
	{
		"name": "DataModel",
		"groups": [
			{
				"name": "General",
				"classes": [
					"ve.dm",
					"ve.dm.Model",
					"ve.dm.ModelRegistry",
					"ve.dm.ModelFactory",
					"ve.dm.AnnotationFactory",
					"ve.dm.MetaItemFactory",
					"ve.dm.NodeFactory",
					"ve.dm.Converter",
					"ve.dm.DataString",
					"ve.dm.DocumentSynchronizer",
					"ve.dm.IndexValueStore",
					"ve.dm.Scalable",
					"ve.dm.APIResultsProvider",
					"ve.dm.APIResultsQueue",
					"ve.dm.Surface",
					"ve.dm.SurfaceFragment",
					"ve.dm.*Selection",
					"ve.dm.Transaction",
					"ve.dm.TransactionProcessor",
					"ve.dm.TransactionProcessor.*"
				]
			},
			{
				"name": "Annotations",
				"classes": ["ve.dm.*Annotation", "ve.dm.AnnotationSet"]
			},
			{
				"name": "Meta items",
				"classes": ["ve.dm.*MetaItem", "ve.dm.MetaList"]
			},
			{
				"name": "Internal list",
				"classes": ["ve.dm.InternalList"]
			},
			{
				"name": "Nodes and documents",
				"classes": ["ve.dm.Document", "ve.dm.*Slice", "ve.dm.*Node"]
			},
			{
				"name": "Linear data",
				"classes": ["ve.dm.*LinearData*"]
			},
			{
				"name": "Models",
				"classes": ["ve.dm.*Model"]
			},
			{
				"name": "Table model",
				"classes": [
					"ve.dm.TableMatrix",
					"ve.dm.TableMatrixCell",
					"ve.dm.TableNodeCellIterator"
				]
			}
		]
	},
	{
		"name": "ContentEditable",
		"groups": [
			{
				"name": "General",
				"classes": [
					"ve.ce",
					"ve.ce.View",
					"ve.ce.AnnotationFactory",
					"ve.ce.NodeFactory",
					"ve.ce.Surface",
					"ve.ce.SurfaceObserver",
					"ve.ce.*Selection",
					"ve.ce.RangeState",
					"ve.ce.TextState",
					"ve.ce.TextStateChunk"
				]
			},
			{
				"name": "Annotations",
				"classes": ["ve.ce.*Annotation"]
			},
			{
				"name": "Factories",
				"classes": ["ve.ce.*Factory"]
			},
			{
				"name": "Key down handlers",
				"classes": ["ve.ce.*KeyDownHandler"]
			},
			{
				"name": "Nodes",
				"classes": ["ve.ce.Document", "ve.ce.*Node"]
			}
		]
	},
	{
		"name": "User Interface",
		"groups": [
			{
				"name": "General",
				"classes": [
					"ve.ui",
					"ve.ui.*Surface",
					"ve.ui.*Context",
					"ve.ui.Overlay",
					"ve.ui.*Toolbar",
					"ve.ui.DebugBar",
					"ve.ui.Trigger"
				]
			},
			{
				"name": "Actions",
				"classes": ["ve.ui.*Action"]
			},
			{
				"name": "Commands",
				"classes": ["ve.ui.*Command"]
			},
			{
				"name": "Context items",
				"classes": ["ve.ui.*ContextItem"]
			},
			{
				"name": "Data transfer handlers",
				"classes": ["ve.ui.*TransferHandler", "ve.ui.DataTransferItem"]
			},
			{
				"name": "Elements",
				"classes": ["ve.ui.*Element"]
			},
			{
				"name": "Factories",
				"classes": ["ve.ui.*Factory"]
			},
			{
				"name": "Pages",
				"classes": ["ve.ui.*Page"]
			},
			{
				"name": "Registries",
				"classes": ["ve.ui.*Registry"]
			},
			{
				"name": "Sequences",
				"classes": ["ve.ui.*Sequence"]
			},
			{
				"name": "Tools",
				"classes": ["ve.ui.*Tool"]
			},
			{
				"name": "Widgets",
				"classes": ["ve.ui.*Widget"]
			},
			{
				"name": "Windows",
				"classes": [
					"ve.ui.*WindowManager",
					"ve.ui.NodeWindow",
					"ve.ui.*Dialog",
					"ve.ui.*Inspector"
				]
			}
		]
	},
	{
		"name": "Tests",
		"groups": [
			{
				"name": "QUnit",
				"classes": ["ve.QUnit", "ve.QUnit.assert"]
			},
			{
				"name": "IME",
				"classes": [
					"ve.ce.TestOffset",
					"ve.ce.TestRunner"
				]
			}
		]
	},
	{
		"name": "UnicodeJS",
		"groups": [
			{
				"name": "UnicodeJS",
				"classes": [
					"unicodeJS",
					"unicodeJS.TextString",
					"unicodeJS.wordbreak",
					"unicodeJS.graphemebreak",
					"unicodeJS.characterclass"
				]
			}
		]
	},
	{
		"name": "OOjs UI",
		"groups": [
			{
				"name": "General",
				"classes": [
					"OO.ui",
					"OO.ui.Element",
					"OO.ui.HtmlSnippet",
					"OO.ui.Toolbar",
					"OO.ui.Window",
					"OO.ui.Dialog",
					"OO.ui.WindowManager",
					"OO.ui.Process",
					"OO.ui.Error",
					"OO.ui.ActionSet"
				]
			},
			{
				"name": "Factories",
				"classes": ["OO.ui.*Factory"]
			},
			{
				"name": "Tools",
				"classes": ["OO.ui.*Tool"]
			},
			{
				"name": "Mixins",
				"classes": ["OO.ui.mixin", "OO.ui.mixin.*"]
			},
			{
				"name": "Layouts",
				"classes": ["OO.ui.*Layout"]
			},
			{
				"name": "Tool groups",
				"classes": ["OO.ui.*ToolGroup"]
			},
			{
				"name": "Widgets",
				"classes": ["OO.ui.*Widget"]
			},
			{
				"name": "Dialogs",
				"classes": ["OO.ui.*Dialog"]
			},
			{
				"name": "Themes",
				"classes": ["OO.ui.*Theme"]
			}
		]
	},
	{
		"name": "Upstream",
		"groups": [
			{
				"name": "OOjs",
				"classes": [
					"OO",
					"OO.EmitterList",
					"OO.EventEmitter",
					"OO.Factory",
					"OO.Registry",
					"OO.SortedEmitterList"
				]
			},
			{
				"name": "jQuery",
				"classes": ["jQuery", "jQuery.Event", "jQuery.Promise", "jQuery.Deferred", "jQuery.jqXHR", "QUnit"]
			},
			{
				"name": "JavaScript",
				"classes": [
					"Array",
					"Boolean",
					"Date",
					"Function",
					"Number",
					"Object",
					"RegExp",
					"String"
				]
			}
		]
	}
]
