[
	{
		"name": "VisualEditor (MediaWiki extension)",
		"groups": [
			{
				"name": "Initialization",
				"classes": [
					"mw.libs.ve*",
					"ve.init.mw*"
				]
			},
			{
				"name": "Switching",
				"classes": [
					"mw.libs.ve.SwitchConfirmDialog"
				]
			},
			{
				"name": "User Interface",
				"classes": [
					"ve.ui.MW*Page",
					"ve.ui.MW*Window"
				]
			},
			{
				"name": "Data Model",
				"classes": [
					"ve.dm.MW*Provider",
					"ve.dm.MW*Queue"
				]
			}
		]
	},
	{
		"name": "Upstream (MediaWiki)",
		"groups": [
			{
				"name": "MediaWiki",
				"classes": [
					"mw.Title",
					"mw.widgets.TitleInputWidget"
				]
			}
		]
	},
	{
		"name": "VisualEditor (core)",
		"groups": [
			{
				"name": "General",
				"classes": [
					"ve",
					"ve.Range",
					"ve.PositionStep",
					"ve.SelectionState",
					"ve.EventSequencer",
					"ve.Filibuster",
					"ve.TriggerListener",
					"ve.Scheduler",
					"ve.Node",
					"ve.BranchNode",
					"ve.LeafNode",
					"ve.Document"
				]
			},
			{
				"name": "Initialization",
				"classes": [
					"ve.init",
					"ve.init.Platform",
					"ve.init.Target",
					"global",
					"ve.init.sa*"
				]
			},
			{
				"name": "DataModel",
				"classes": [
					"ve.dm",
					"ve.dm.Model",
					"ve.dm.ModelRegistry",
					"ve.dm.ModelFactory",
					"ve.dm.AnnotationFactory",
					"ve.dm.MetaItemFactory",
					"ve.dm.NodeFactory",
					"ve.dm.Converter",
					"ve.dm.DataString",
					"ve.dm.DocumentSynchronizer",
					"ve.dm.IndexValueStore",
					"ve.dm.Scalable",
					"ve.dm.APIResultsProvider",
					"ve.dm.APIResultsQueue",
					"ve.dm.Surface",
					"ve.dm.SurfaceFragment",
					"ve.dm.*Selection",
					"ve.dm.Transaction",
					"ve.dm.TransactionProcessor",
					"ve.dm.TransactionProcessor.*",
					"ve.dm.*Annotation",
					"ve.dm.AnnotationSet",
					"ve.dm.*MetaItem",
					"ve.dm.MetaList",
					"ve.dm.InternalList",
					"ve.dm.Document",
					"ve.dm.*Slice",
					"ve.dm.*Node",
					"ve.dm.*LinearData*",
					"ve.dm.*Model",
					"ve.dm.TableMatrix",
					"ve.dm.TableMatrixCell",
					"ve.dm.TableNodeCellIterator"
				]
			},
			{
				"name": "ContentEditable",
				"classes": [
					"ve.ce",
					"ve.ce.View",
					"ve.ce.AnnotationFactory",
					"ve.ce.NodeFactory",
					"ve.ce.Surface",
					"ve.ce.SurfaceObserver",
					"ve.ce.*Selection",
					"ve.ce.RangeState",
					"ve.ce.TextState",
					"ve.ce.TextStateChunk",
					"ve.ce.*Annotation",
					"ve.ce.*Factory",
					"ve.ce.*KeyDownHandler",
					"ve.ce.Document",
					"ve.ce.*Node"
				]
			},
			{
				"name": "User Interface",
				"classes": [
					"ve.ui",
					"ve.ui.*Surface",
					"ve.ui.*Context",
					"ve.ui.Overlay",
					"ve.ui.*Toolbar",
					"ve.ui.DebugBar",
					"ve.ui.Trigger",
					"ve.ui.*Action",
					"ve.ui.*Command",
					"ve.ui.*ContextItem",
					"ve.ui.*TransferHandler",
					"ve.ui.DataTransferItem",
					"ve.ui.*Element",
					"ve.ui.*Factory",
					"ve.ui.*Page",
					"ve.ui.*Registry",
					"ve.ui.*Sequence",
					"ve.ui.*Tool",
					"ve.ui.*Widget",
					"ve.ui.*WindowManager",
					"ve.ui.NodeWindow",
					"ve.ui.*Dialog",
					"ve.ui.*Inspector"
				]
			},
			{
				"name": "Tests",
				"classes": [
					"ve.QUnit",
					"ve.QUnit.assert",
					"ve.ce.TestOffset",
					"ve.ce.TestRunner"
				]
			}
		]
	},
	{
		"name": "UnicodeJS",
		"groups": [
			{
				"name": "UnicodeJS",
				"classes": [
					"unicodeJS",
					"unicodeJS.TextString",
					"unicodeJS.wordbreak",
					"unicodeJS.graphemebreak",
					"unicodeJS.characterclass"
				]
			}
		]
	},
	{
		"name": "OOjs UI",
		"groups": [
			{
				"name": "General",
				"classes": [
					"OO.ui",
					"OO.ui.Element",
					"OO.ui.HtmlSnippet",
					"OO.ui.Toolbar",
					"OO.ui.Window",
					"OO.ui.Dialog",
					"OO.ui.WindowManager",
					"OO.ui.Process",
					"OO.ui.Error",
					"OO.ui.ActionSet"
				]
			},
			{
				"name": "Factories",
				"classes": [
					"OO.ui.*Factory"
				]
			},
			{
				"name": "Tools",
				"classes": [
					"OO.ui.*Tool"
				]
			},
			{
				"name": "Mixins",
				"classes": [
					"OO.ui.mixin",
					"OO.ui.mixin.*"
				]
			},
			{
				"name": "Layouts",
				"classes": [
					"OO.ui.*Layout"
				]
			},
			{
				"name": "Tool groups",
				"classes": [
					"OO.ui.*ToolGroup"
				]
			},
			{
				"name": "Widgets",
				"classes": [
					"OO.ui.*Widget"
				]
			},
			{
				"name": "Dialogs",
				"classes": [
					"OO.ui.*Dialog"
				]
			},
			{
				"name": "Themes",
				"classes": [
					"OO.ui.*Theme"
				]
			}
		]
	},
	{
		"name": "Upstream",
		"groups": [
			{
				"name": "OOjs",
				"classes": [
					"OO",
					"OO.EmitterList",
					"OO.EventEmitter",
					"OO.Factory",
					"OO.Registry",
					"OO.SortedEmitterList"
				]
			},
			{
				"name": "jQuery",
				"classes": [
					"jQuery",
					"jQuery.Event",
					"jQuery.Promise",
					"jQuery.Deferred",
					"jQuery.jqXHR",
					"QUnit"
				]
			},
			{
				"name": "JavaScript",
				"classes": [
					"Array",
					"Boolean",
					"Date",
					"Function",
					"Number",
					"Object",
					"RegExp",
					"String"
				]
			}
		]
	}
]
