[
	{
		"name": "VisualEditor (MediaWiki extension)",
		"groups": [
			{
				"name": "Initialization",
				"classes": [
					"mw.libs.ve*",
					"ve.init.mw*"
				]
			},
			{
				"name": "Switching",
				"classes": [
					"mw.libs.ve.SwitchConfirmDialog"
				]
			},
			{
				"name": "User Interface",
				"classes": [
					"ve.ui.MW*Page",
					"ve.ui.MW*Window"
				]
			},
			{
				"name": "Data Model",
				"classes": [
					"ve.dm.MW*Provider",
					"ve.dm.MW*Queue"
				]
			}
		]
	},
	{
		"name": "Upstream (MediaWiki)",
		"groups": [
			{
				"name": "MediaWiki",
				"classes": [
					"mw.Title",
					"mw.widgets.TitleInputWidget"
				]
			}
		]
	}
]
